posted_date,about,bath_and_balcony,image_url,developer,prize,BHK,prizepersqft,description,area,areatype,location,status,name
"Posted on Sep 20, 2018 by 
            ","
                            Dd twitter valley is one of the residential development of desai homes. It offers spacious and skillfully designed 2bhk and 3bhk apartments. The project is well equipped with all modern amenities to facilitate the needs of the residents.","


	3 Baths




",https://mediacdn.99acres.com/7089/14/141794921T-1537424598.jpeg,"Desai Homes
        ", ₹43.23 L - 47.43 L,3 BHK ,3000/Sq.Ft.,3 BHK Residential Apartment ,1441 - 1581,"Super built-up  Area
                    ",in Arasumoodu,"
                        
                        New Launch
                    ",DD Twitter Valley
"
        

            (Builder)

				


		","
                        ","


	2 Baths




",https://mediacdn.99acres.com/7344/1/146881701T-1541071338.jpeg,"Alukkas Realtors India Pvt. Ltd.
        ", ₹46 L,2 BHK ,4600/Sq.Ft.,2 BHK Residential Apartment ,1000,"Built-up  Area
                    ",in Anayara,"
                        
                         Possession in Sep  2019
                    ",Jos Alukkas Golden Ark
"Posted on Nov 01, 2018 by 
            ","
                            Jos alukkas golden ark is one of the residential development of jos alukkas properties. It offers spacious and skillfully designed 2bhk and 3bhk apartments. The project is well equipped with all modern amenities to facilitate the needs of the residents.","


	4 Baths, 2 Balconies




",https://static.99acres.com//images/i0.gif,"Sowparnika Projects & Infrastructure Pvt Ltd.
        ", ₹2 Cr,5 BHK ,7547/Sq.Ft.,5 BHK Independent/Builder Floor ,2650,"Carpet  Area
                    ",in Kowdiar,"
                        
                        Ready To Move
                    ",Sowparnika Vaishnavam
"
        

            (Builder)

				


		","
                        ","


	3 Baths




",https://static.99acres.com//images/i0.gif,"Shanoor Projects
        ", ₹46.81 L - 55.52 L,3 BHK ,3629/Sq.Ft.,3 BHK Residential Apartment ,1290 - 1530,"Super built-up  Area
                    ",in Sreekariyam,"
                        
                         Possession in Jun  2019
                    ",Shanoor Metro Square
"Posted on Dec 07, 2018 by James Mathew

            (Owner)

				


		","
                            This property is 7 km from trivandrum international airport and half a km from kowdiar palace , trivandrum tennis club,
Golf club etc.
Brokers/agents kindly excuse.","


	2 Baths




",https://static.99acres.com//images/i0.gif,"Sowparnika Projects & Infrastructure Pvt Ltd.
        ", ₹46.56 L - 49.92 L,2 BHK ,4800/Sq.Ft.,2 BHK Residential Apartment ,970 - 1040,"Super built-up  Area
                    ",in Pattom,"
                        
                         Possession in Dec  2021
                    ",Sowparnika Vaishnavam
"Posted on Dec 15, 2018 by 
            ","
                        ","


	3 Baths, 1 Balcony




",https://static.99acres.com//images/i0.gif,"Sowparnika Projects & Infrastructure Pvt Ltd.
        ", ₹80 L,3 Bedroom ,1454545/Cents,3 Bedroom Independent House/Villa ,5.5,"Plot  Area
                    ",in Karakulam,"
                        
                        Ready To Move
                    ",Sowparnika Seychelles
"
        

            (Builder)

				


		","
                            Sowparnika vaishnavam, located in trivandrum, is one of the residential developments of sowparnika projects. It offers spacious 2 bhk and 3 bhk residential apartments. The project is well equipped with all the amenities to facilitate the needs of the residents.","


	2 Baths




",https://static.99acres.com//images/i0.gif,"KALYAN DEVELOPERS
        ", ₹38.9 L - 41.55 L,2 BHK ,3629/Sq.Ft.,2 BHK Residential Apartment ,1072 - 1145,"Super built-up  Area
                    ",in Sreekariyam,"
                        
                         Possession in Jun  2019
                    ",Kalyan Centrum
"Posted on Dec 03, 2018 by 
            ","
                        ","


	




",https://static.99acres.com//images/i0.gif,"Sowparnika Projects & Infrastructure Pvt Ltd.
        ", ₹33.83 L - 38.22 L,3 BHK ,3400/Sq.Ft.,3 BHK Residential Apartment ,995 - 1124,"Super built-up  Area
                    ",in Sreekariyam,"
                        
                         Possession in Jun  2021
                    ",Sowparnika Seychelles
"
        

            (Builder)

				


		","
                            Shanoor metro square is one of the popular residential projects that is located in trivandrum. Developed by shanoor projects and realtors, this project offers thoughtfully constructed 2bhk and 3bhk apartments with modern amenities for the comfort of residents. Adding to this, it is situated close to the market, hospital and various educational institutions.","


	3 Baths




",https://static.99acres.com//images/i0.gif,"Cordial Foundation Pvt Ltd
        ",Price on Request,3 BHK ,3400/Sq.Ft.,3 BHK Residential Apartment ,1521 - 1654,"Super built-up  Area
                    ",in Pettah,"
                        
                         Possession in Dec  2019
                    ",Cordial Dhanuss
"Posted on Dec 12, 2018 by Hari Narayan

            (Owner)

				


		","
                        ","


	2 Baths




",https://static.99acres.com//images/i0.gif,"Alukkas Realtors India Pvt. Ltd.
        ", ₹24.62 L - 35.5 L,2 BHK ,5200/Sq.Ft.,2 BHK Residential Apartment ,724 - 1044,"Super built-up  Area
                    ",in Sreekariyam,"
                        
                         Possession in Jun  2021
                    ",Jos Alukkas Golden Ark
"Posted on Dec 15, 2018 by 
            ","
                            This spacious 3 bhk villa is available for sale and is located at karakulam. It has an area of 1900 sqft with a carpet area of 1500 sqft . The property is available at a price of rs. 80.00 lac . It is a semi-Furnished property. The property has 3 attached bathrooms and 1 balcony. This residential property is ready-To-Move-In.In house facilities like modular kitchen,wardrobes, shelves and other storage provided.Led lighting fittings has been provided in all rooms.Main door is made of teak and other wood doors and windows are done in violet wood. Its main door is facing west direction. The property is available on freehold. The society is well connected by different modes of transportation. The time you'll spend here will become the greatest moment of your life that will also help you to relieve, relax & evoke a great sense of happiness. If you are interested, please contact us for more details.
It is located at 400 m from karakulam palam junction on nedumancaud highway.
St.Thomas school 3km
Christ nagar 2km
Kv sap 5.5km
Bharateeya vidyalaya 6km

Landmarks:
Near grameena padana kendra.
Peroorkada 4kms
Sk hospital 8km
Dpms hospital 1 km","


	3 Baths




",https://static.99acres.com//images/i0.gif,"Thomas Kurian
        ", ₹80.44 L - 83.46 L,3 BHK ,4600/Sq.Ft.,3 BHK Residential Apartment ,1547 - 1605,"Super built-up  Area
                    ",in Sasthamangalam,"
                        
                         Possession in Dec  2019
                    ",Heera Kinara
"
        

            (Builder)

				


		","
                        ","


	3 Baths




",https://static.99acres.com//images/i0.gif,"Skyline Foundations & Structures
        ", ₹69 L - 74.98 L,3 BHK ,9629/Sq.Ft.,3 BHK Residential Apartment ,1500 - 1630,"Built-up  Area
                    ",in Anayara,"
                        
                         Possession in Sep  2019
                    ",SFS Stanford
"Posted on Dec 15, 2018 by 
            ","
                            Sowparnika vaishnavam, located in trivandrum, is one of the residential developments of sowparnika projects. It offers spacious 2 bhk and 3 bhk residential apartments. The project is well equipped with all the amenities to facilitate the needs of the residents.","


	2 Baths, 2 Balconies




",https://static.99acres.com//images/i0.gif,"Philip T Mathew
        ", ₹1.3 Cr,3 BHK ,3507/Sq.Ft.,3 BHK Residential Apartment ,1350,"Super built-up  Area
                    ",in Kesavadasapuram,"
                        
                        Ready To Move
                    ",Oceanus Green Valley
"
        

            (Builder)

				


		","
                        ","


	




",https://static.99acres.com//images/i0.gif,"KALYAN DEVELOPERS
        ",Price on Request,2 BHK ,4500/Sq.Ft.,2 BHK Residential Apartment ,935 - 1120,"Super built-up  Area
                    ",in Nalanchira,"
                        
                        Ready To Move
                    ",Kalyan Sapphire
"Posted on Oct 31, 2018 by 
            ","
                            Sowparnika seychelles is one of the residential developments of sowparnika projects, located in trivandrum. It offers spacious and skilfully designed 2bhk and 3bhk apartments. The project is well equipped with all the basic amenities to facilitate the needs of the residents.

Features
Visitors lobby
Waste management system","


	2 Baths, 1 Balcony




",https://static.99acres.com//images/i0.gif,"Skyline Foundations & Structures
        ", ₹37 L,3 BHK ,3350/Sq.Ft.,3 BHK Residential Apartment ,1055,"Super built-up  Area
                    ",in Kallayam,"
                        
                        Ready To Move
                    ",SFS Stanford
"
        

            (Builder)

				


		","
                        ","


	2 Baths




",https://static.99acres.com//images/i0.gif,"Artech Realtors (P) LTD
        ",Price on Request,2 BHK ,162500/Cents,2 BHK Residential Apartment ,1215 - 1287,"Super built-up  Area
                    ",in Peroorkada,"
                        
                         Possession in Dec  2019
                    ",Artech Metropolis
"Posted on Dec 15, 2018 by 
            ","
                            Kalyan centrum of kalyan developers, a luxurious and prestigious residential development having 3bhk apartments will be coming up in the rapidly expanding residential vicinity of trivandrum. Its proximity to hospitals, government schools and other reputed schools, colleges, banks, supermarkets and specialty restaurants will make it a dream destination.

Features
Bio gas plant
Care taker room				
Access control with swipe card at entrance
Rubber fenders on parking areas pillars to avoid damage to vehicles","


	3 Baths




",https://static.99acres.com//images/i0.gif,"Sowparnika Projects & Infrastructure Pvt Ltd.
        ",Price on Request,3 BHK ,200000/Cents,3 BHK Residential Apartment ,1503 - 1726,"Super built-up  Area
                    ",in Nalanchira,"
                        
                        Ready To Move
                    ",Sowparnika Navarathinam Pearl
"
        

            (Builder)

				


		","
                        ","


	4 Baths




",https://static.99acres.com//images/i0.gif,"KALYAN DEVELOPERS
        ", ₹74.25 L - 80.55 L,3 BHK ,5500/Sq.Ft.,3 BHK Residential Apartment ,1650 - 1790,"Super built-up  Area
                    ",in Mannanthala,"
                        
                         Possession in Dec  2019
                    ",Kalyan Avanti
"Posted on Oct 08, 2018 by 
            ","
                            Sowparnika seychelles is one of the residential developments of sowparnika projects, located in trivandrum. It offers spacious and skilfully designed 2bhk and 3bhk apartments. The project is well equipped with all the basic amenities to facilitate the needs of the residents.

Features
Visitors lobby
Waste management system","


	2 Baths




",https://static.99acres.com//images/i0.gif,"Artech Realtors (P) LTD
        ", ₹29.68 L - 32.8 L,3 BHK ,4500/Sq.Ft.,3 BHK Residential Apartment ,886 - 979,"Super built-up  Area
                    ",in Thrikkannapuram,"
                        
                        New Launch
                    ",Artech Life Spaces
"
        

            (Builder)

				


		","
                        ","


	3 Baths, 1 Balcony




",https://static.99acres.com//images/i0.gif,"Artech Realtors (P) LTD
        ", ₹65 L,3 Bedroom ,3350/Sq.Ft.,3 Bedroom Independent House/Villa ,4,"Plot  Area
                    ",in Peyad,"
                        
                         Possession in Nov  2018
                    ",Artech Metropolis
"Posted on Nov 01, 2018 by 
            ","
                            Cordial dhanuss is one of the residential development of cordial foundation, located in trivandrum. It offers spacious and skillfully designed 2bhk and 3bhk apartments. The project is well equipped with all modern amenities and 24 x 7 security service to facilitate the needs of the residents.

Features
Guest suite","


	3 Baths




",https://static.99acres.com//images/i0.gif,"Sowparnika Projects & Infrastructure Pvt Ltd.
        ",Price on Request,3 BHK ,5341/Sq.Ft.,3 BHK Residential Apartment ,1591 - 1646,"Super built-up  Area
                    ",in Kulathoor,"
                        
                         Possession in Aug  2020
                    ",Sowparnika Navarathinam Pearl
"
        

            (Builder)

				


		","
                        ","




",https://static.99acres.com//images/i0.gif,"Dr.Babu
        ", ₹1.5 Cr,3 BHK ,5200/Sq.Ft.,Residential Land/Plot ,75,"Plot  Area
                    ",in Korani,"
                        
                         Possession in Feb  2019
                    ",Sun Elegance
"Posted on Nov 17, 2018 by 
            ","
                            Jos alukkas golden ark is one of the residential development of jos alukkas properties. It offers spacious and skillfully designed 2bhk and 3bhk apartments. The project is well equipped with all modern amenities to facilitate the needs of the residents.","


	




",https://static.99acres.com//images/i0.gif,"KALYAN DEVELOPERS
        ", ₹86.63 L - 1.17 Cr,2 BHK ,5484/Sq.Ft.,3 BHK Residential Apartment ,1575 - 2125,"Super built-up  Area
                    ",in Aakkulam,"
                        
                         Possession in Aug  2021
                    ",Kalyan Sapphire
"
        

            (Owner)

				


		","
                        ","


	2 Baths




",https://static.99acres.com//images/i0.gif,"Cordial Foundation Pvt Ltd
        ", ₹56.25 L - 60.75 L,2 BHK ,4035/Sq.Ft.,2 BHK Residential Apartment ,1250 - 1350,"Super built-up  Area
                    ",in Mannanthala,"
                        
                         Possession in Dec  2019
                    ",Cordial Dhanuss
"Posted on Oct 08, 2018 by 
            ","
                            Cordial adithya is one of the residential development of cordial foundation. It offers skillfully designed 2bhk and 3bhk apartments. Project has been designed to facilitate perfect living conditions with optimum light, ventilation and privacy, coupled with fresh and green surroundings. Each apartment brings the joy of unhindered living.

Features
Provision for terrace party area
Fully furnished air conditioned guest suite
Provision for internet connectivity for each apartment
Changing room for drivers and servants
Individual water meter system for each apartment","


	2 Baths




",https://static.99acres.com//images/i0.gif,"Cordial Foundation Pvt Ltd
        ", ₹57.95 L - 58 L,2 BHK ,5000/Sq.Ft.,2 BHK Residential Apartment ,1159 - 1160,"Super built-up  Area
                    ",in Ambalamukku,"
                        
                        Ready To Move
                    ",Cordial Adithya
"
        

            (Builder)

				


		","
                        ","


	2 Baths




",https://static.99acres.com//images/i0.gif,"Alukkas Realtors India Pvt. Ltd.
        ", ₹46 L,2 BHK ,4600/Sq.Ft.,2 BHK Residential Apartment ,1000,"Built-up  Area
                    ",in Anayara,"
                        
                         Possession in Sep  2019
                    ",Jos Alukkas Golden Ark
"Posted on Nov 01, 2018 by 
            ","
                            Jos alukkas golden ark is one of the residential development of jos alukkas properties. It offers spacious and skillfully designed 2bhk and 3bhk apartments. The project is well equipped with all modern amenities to facilitate the needs of the residents.","


	




",https://static.99acres.com//images/i0.gif,"Cordial Foundation Pvt Ltd
        ", ₹1.13 Cr - 1.5 Cr,3 BHK ,7200/Sq.Ft.,3 BHK Residential Apartment ,1563 - 2086,"Super built-up  Area
                    ",in Nanthancodu,"
                        
                         Possession in Dec  2018
                    ",Cordial Bharathi
"
        

            (Builder)

				


		","
                        ","


	3 Baths




",https://static.99acres.com//images/i0.gif,"Shanoor Projects
        ", ₹59.35 L - 62.45 L,3 BHK ,4200/Sq.Ft.,3 BHK Residential Apartment ,1413 - 1487,"Super built-up  Area
                    ",in Sreekariyam,"
                        
                         Possession in May  2020
                    ",Shanoor Nalanda
"Posted on Oct 08, 2018 by 
            ","
                            Cordial bharathi is one of the residential cum commercial developments of cordial foundation. It offers spacious 2 bhk, 3 bhk, 4 bhk apartments and commercial shops. The project is well equipped with all the amenities to facilitate the needs of the residents.

Features
Covered car parking","


	2 Baths




",https://static.99acres.com//images/i0.gif,"Cordial Foundation Pvt Ltd
        ", ₹51.17 L - 63.7 L,2 BHK ,5200/Sq.Ft.,2 BHK Residential Apartment ,984 - 1225,"Super built-up  Area
                    ",in Jagathy,"
                        
                         Possession in Dec  2019
                    ",Cordial Skyview
"
        

            (Builder)

				


		","
                        ","


	4 Baths, 3 Balconies




",https://static.99acres.com//images/i0.gif,"Sidharth Associates
        ", ₹1.5 Cr,3 BHK ,6628/Sq.Ft.,3 BHK Residential Apartment ,2263,"Super built-up  Area
                    ",in Pattom,"
                        
                        Ready To Move
                    ",Artech Florenza
"Posted on Nov 29, 2018 by 
            ","
                            Built in sreekariyam, trivandrum, shanoor nalanda is a residential development by shanoor projects. The project is sufficed with all modern amenities and covers 2bhk and 3bhk apartments. Being close to all necessities, it has good connectivity to the rest of the city.

Features 
Elegantly designed lobbies
Exterior landscape
Association office room
Power backup","


	




",https://static.99acres.com//images/i0.gif,"Artech Realtors (P) LTD
        ", ₹1.16 Cr - 1.62 Cr,4 BHK ,5500/Sq.Ft.,4 BHK Residential Apartment ,2110 - 2945,"Super built-up  Area
                    ",in Aakkulam,"
                        
                         Possession in Aug  2021
                    ",Artech Life Spaces
"
        

            (Builder)

				


		","
                        ","


	2 Baths




",https://static.99acres.com//images/i0.gif,"Skyline Foundations & Structures
        ",Price on Request,2 BHK ,6123/Sq.Ft.,2 BHK Residential Apartment ,1103,"Super built-up  Area
                    ",in Kazhakootam,"
                        
                        Ready To Move
                    ",SFS Cyber Gateway Tivoli
"Posted on Oct 08, 2018 by 
            ","
                            Cordial skyview is one of the residential development of cordial foundation, located in trivandrum. It offers spacious and skillfully designed 2bhk, 3bhk and 4bhk apartments. The project is well equipped with all modern amenities and 24 x 7 security service to facilitate the needs of the residents.","


	3 Baths, 2 Balconies




",https://static.99acres.com//images/i0.gif,"KESAVAN PRASANNAN
        ", ₹90 L,3 BHK ,5500/Sq.Ft.,3 BHK Residential Apartment ,1470,"Built-up  Area
                    ",in Jagathy,"
                        
                        Ready To Move
                    ",Heera Heritage
"
        

            (Builder)

				


		","
                        ","


	2 Baths




",https://static.99acres.com//images/i0.gif,"Artech Realtors (P) LTD
        ", ₹57.75 L - 80.85 L,2 BHK ,5200/Sq.Ft.,2 BHK Residential Apartment ,1050 - 1470,"Super built-up  Area
                    ",in Aakkulam,"
                        
                         Possession in Aug  2021
                    ",Artech Life Spaces
"Posted on Dec 10, 2018 by 
            ","
                            It's a 2263 sqft high end type falt of artech, florenza at pattom, pottakkuzhi. Artech florenza is trivandrum’s first sky villa, where the essence of space is defined by seamless fluidity, well-Appointed interiors and abundant natural lighting. The unit is on 9th floor facing main road (Cosmopolitan & gg and medical college hospitals) and has a east darshan. It includes a work area and a bathroom attached to it.                                                                                                                                                
                                                                                                                                                                                                 
Amenities  :  Infinity swimming pool at roof top, children play stations, multi purpose hall, push entrance lobbies & lounge, fully equipped air-Conditioned hall with open deck party area at terrace level, reticulated lpg supply, video door phone, children play area, garbage disposal & management systems, visitor car parking facility, dth/cable tv provision for living and master bed room, driver's dormitory, landscaped area.                                                          
                                                                                                                                                                                                     
Note : The quoted rate includes car parking but excludes registration fee.","


	4 Baths




",https://static.99acres.com//images/i0.gif,"Cordial Foundation Pvt Ltd
        ", ₹90.64 L,4 BHK ,106666/Cents,4 BHK Residential Apartment ,1743,"Super built-up  Area
                    ",in Jagathy,"
                        
                         Possession in Dec  2019
                    ",Cordial Skyview
"
        

            (Dealer)

				


		","
                        ","


	3 Baths, 1 Balcony




",https://static.99acres.com//images/i0.gif,"KALYAN DEVELOPERS
        ", ₹48 L,3 Bedroom ,433334/Cents,3 Bedroom Independent House/Villa ,4.5,"Plot  Area
                    ",in Pongumoodu,"
                        
                        Ready To Move
                    ",Kalyan Avanti
"Posted on Nov 29, 2018 by 
            ","
                            Artech life spaces, located in trivandrum, is a residential development of artech realtors. It offers spacious and skillfully designed 2bhk and 3bhk apartments. The project is well equipped with all the basic amenities to facilitate the needs of the residents. The site is in close proximity to various civic utilities.

Features
A v room
Tuition room
Guest suite
Virtual golf
Vertical green wall
Butterfly garden
Lily pond/reflective pool
Podium meeting plaza","


	2 Baths




",https://static.99acres.com//images/i0.gif,"Cordial Foundation Pvt Ltd
        ",Price on Request,2 BHK ,5000/Sq.Ft.,2 BHK Residential Apartment ,1013 - 1194,"Super built-up  Area
                    ",in Kulathoor,"
                        
                         Possession in Aug  2020
                    ",Cordial Adithya
"
        

            (Builder)

				


		","
                        ","


	




",https://static.99acres.com//images/i0.gif,"JERRY
        ", ₹65 L,3 BHK ,7500/Sq.Ft.,Other ,15,"Plot  Area
                    ",in Varkala,"
                        
                        Ready To Move
                    ",SFS Cherry Hills
"Posted on Nov 21, 2018 by 
            ","
                            Sfs tivoli of sfs homes is located at kazhakuttom in trivandrum near kinfra park and sainik school and has close proximity to major it parks, the technopark and techno city. This is a ready to move in apartment and has obtained occupancy certificate and the buyer gets an advantage of 0% gst and 37.5% benefit in sale deed registration. The project is well equipped with all modern amenities having 2bhk and 3bhk apartments and 24x7 security service to facilitate the needs of the residents. The project is a part of sfs cyber gateway.

Features
Terrace party area
Access card entry
Generator backup for common lighting","


	3 Baths




",https://static.99acres.com//images/i0.gif,"Syntrio Realtors
        ", ₹72.55 L - 79.05 L,3 BHK ,1857142/Cents,3 BHK Residential Apartment ,1451 - 1581,"Super built-up  Area
                    ",in Ambalamukku,"
                        
                        Ready To Move
                    ",Cordial Bharathi
"
        

            (Builder)

				


		","
                        ","


	3 Baths, 3 Balconies




",https://static.99acres.com//images/i0.gif,"Cordial Foundation Pvt Ltd
        ", ₹1.5 Cr,3 Bedroom ,1360000/Cents,3 BHK Residential Apartment ,2000,"Super built-up  Area
                    ",in Kuravankonam,"
                        
                        Ready To Move
                    ",Hamnet Hillcrest
"Posted on Dec 05, 2018 by David

            (Owner)

				


		","
                            The plot is between nathancodu and  pattom.  Very much accessible from both sides, in city but away from normal traffic. For inquiry please only send email","




",https://static.99acres.com//images/i0.gif,"S R Realities
        ", ₹2 Cr,2 Bedroom ,1818182/Cents,Residential Land/Plot ,11,"Plot  Area
                    ",in Nanthancodu,"
                        
                         Possession in Dec  2019
                    ",Nikunjam iPark
"Posted on Dec 09, 2018 by Najeeb

            (Owner)

				


		","
                        ","


	1 Bath, 1 Balcony




",https://static.99acres.com//images/i0.gif,"Gopinath
        ", ₹16.5 L,2 BHK ,235714/Cents,2 Bedroom Independent House/Villa ,7,"Plot  Area
                    ",in Venjaramoodu,"
                        
                        Ready To Move
                    ",Heera Blue Berry
"Posted on Dec 14, 2018 by Akhesh

            (Owner)

				


		","
                            House with all the basics amenities.Good area.Water availability at all time.Extra store room,waiting shed,cow and hen shed.And plot suitable for vegetable farming","


	3 Baths




",https://static.99acres.com//images/i0.gif,"Ramakrishnan
        ", ₹52 L,3 Bedroom ,157575/Cents,3 Bedroom Independent House/Villa ,33,"Plot  Area
                    ",in Ayroor,"
                        
                        Ready To Move
                    ",Asset Signature
"Posted on Dec 12, 2018 by 
            ","
                        ","


	2 Baths, 1 Balcony




",https://static.99acres.com//images/i0.gif,"Paisely Designer Boutique
        ", ₹70 L,3 BHK ,5136/Sq.Ft.,3 BHK Residential Apartment ,1363,"Super built-up  Area
                    ",in Menamkulam,"
                        
                        Ready To Move
                    ",Sun Elecasa
"
        

            (Owner)

				


		","
                            3bhk flat located in asset signature,menamkulam, kazhakottam.

Flat is located on 4th floor. Parking in basement","


	3 Baths, 1 Balcony




",https://static.99acres.com//images/i0.gif,"S R Realities
        ", ₹54 L,3 Bedroom ,142105/Cents,3 Bedroom Independent House/Villa ,3.8,"Plot  Area
                    ",in Peyad,"
                        
                        Ready To Move
                    ",Kristal Onyx D
"Posted on Dec 10, 2018 by Vijayakumar

            (Owner)

				


		","
                            8 cents of vacant residential plot with lorry access.  Plot is half kilometer from nh-47, 1 kilometer kaniyapuram bus depot and railway station.","




",https://static.99acres.com//images/i0.gif,"Midhun
        ", ₹32 L,3 Bedroom ,400000/Cents,Residential Land/Plot ,8,"Plot  Area
                    ",in Pallippuram,"
                        
                        Immediate Possession
                    ",Silver Castle Springs
"Posted on Nov 30, 2018 by Sanoj

            (Owner)

				


		","
                        ","




",https://static.99acres.com//images/i0.gif,"Manish
        ", ₹70 L,2 BHK ,350000/Cents,Residential Land/Plot ,20,"Plot  Area
                    ",in Thachottukavu,"
                        
                        Immediate Possession
                    ",Sowparnika Highlands
"Posted on Dec 10, 2018 by kamesh

            (Owner)

				


		","
                            20 cents plot
Also available as smaller plots around 6 cents
Good, water weather, connectivity road","


	2 Baths




",https://static.99acres.com//images/i0.gif,"Afsal
        ", ₹85 L,3 Bedroom ,2833333/Cents,3 Bedroom Independent House/Villa ,3,"Plot  Area
                    ",in Jawahar Nagar,"
                        
                        Ready To Move
                    ",Desai DD Diamond District
"Posted on Dec 06, 2018 by Ruby

            (Owner)

				


		","
                        ","




",https://static.99acres.com//images/i0.gif,"Rony
        ",Price on Request,3 Bedroom ,688000/Cents,Residential Land/Plot ,30,"Plot  Area
                    ",in Mannanthala,"
                        
                        Immediate Possession
                    ",Muthoot Blue Mount
"Posted on Dec 11, 2018 by vinod chandran

            (Owner)

				


		","
                            3 cents of land in jawahar nagar, kawdiar, trivandrum. This is an absolute prime property in the center of jawaharnagar where everything is just a walk away. Freehold property with single storey house and currently given for rent. 

House is quite old and rooms are small. However, the foundation and walls are pristine and very strong. House can be renovated, restructured to ones liking or completely demolished to build a state of the art modern house. It can also be used as an investment property for nri etc. House and land can be viewed with prior appointments. Please call me  note - Fine print - 
No brokers, no agents, no middle man - Only straight forward dealings through a single contact. Asking price is 85lakhs which is negotiable. Prospective buyers are welcome to do a survey (At their own cost) and decide on final size of land. Final payments will be confirmed accordingly. Nri's, villa builders are welcome. Only genuine interested buyers contact the above number. No time wasters or wannabe buyers.","




",https://static.99acres.com//images/i0.gif,"Hema Nair
        ", ₹86 L,2 BHK ,400000/Cents,Residential Land/Plot ,12.5,"Plot  Area
                    ",in Vazhayila,"
                        
                        Immediate Possession
                    ",Samson And Sons Oak Dale
"Posted on Nov 29, 2018 by Sreshma Anitha

            (Owner)

				


		","
                            Residential land available for sell.Located in muttada.Available at an price of 45 lacit is a freehold property.  Lies on tkd road that connects muttada and marappalam. The land is a square plot which has car or mini-Lorry access. The plot is leveled and cleared for construction.25 mins to airport,25 mins to central railway station, 35 mins to technopark, top schools within the city 3 kms to legislative assembly kwa water and drainage pipe lines along the plot.","

Width of facing road




",https://static.99acres.com//images/i0.gif,"Muralikrishna
        ", ₹45 L,1 Bedroom ,1500000/Cents,Residential Land/Plot ,3,"Plot  Area
                    ",in Muttada,"
                        
                        Immediate Possession
                    ",Cordial Shroffs
"Posted on Nov 18, 2018 by Shamburaj

            (Owner)

				


		","
                        ","




",https://static.99acres.com//images/i0.gif,"Ananthapuri real estate
        ", ₹20 L,2 BHK ,200000/Cents,Residential Land/Plot ,10,"Plot  Area
                    ",in Kadinamkulam,"
                        
                        Immediate Possession
                    ",Future Leisure Homes
"Posted on Nov 16, 2018 by Aneesh

            (Owner)

				


		","
                            Plot is located in front of lake palace hotel. With in 500 metres range there is mahadeva temple, padikkavilakom bhagavaty temple, g-Tracks cinemas, market, police station, kadinamkulam lake. Good atmosphere with fresh water. Price per cent is 2 lakh.","


	1 Bath




",https://static.99acres.com//images/i0.gif,"Ananthapuri real estate
        ", ₹25 L,5 Bedroom ,50000/Cents,1 Bedroom Farm House ,50,"Plot  Area
                    ",in Kattakkada,"
                        
                        Ready To Move
                    ",Heera Swiss Town
"Posted on Nov 28, 2018 by DCJayan

            (Owner)

				


		","
                            11 cents river side plot

Near government ferry

Location: Pachalloor, tiruvallam, trivandrum

Only 2 wheeler path to the site.","




",https://static.99acres.com//images/i0.gif,"Deera Properties
        ", ₹66 L,4 Bedroom ,600000/Cents,Residential Land/Plot ,11,"Plot  Area
                    ",in Thiruvallam,"
                        
                        Immediate Possession
                    ",Samson and Sons Blue Diamond
"Posted on Dec 04, 2018 by Roopa Alphons

            (Owner)

				


		","
                            Located 400 mts from main road, at shantipuram,  7 kms from sreekariyam,  8 kms from technopark,  7 kms from mannanthala.  Ideal  for house construction.","




",https://static.99acres.com//images/i0.gif,"retheesh
        ", ₹35 L,3 Bedroom ,350000/Cents,Residential Land/Plot ,10,"Plot  Area
                    ",in Chenkottukonam,"
                        
                        Immediate Possession
                    ",Ganga Usha Kiran
"Posted on Dec 04, 2018 by Ratheesh

            (Owner)

				


		","
                        ","


	3 Baths, 1 Balcony




",https://static.99acres.com//images/i0.gif,"Ratan
        ", ₹99 L,3 Bedroom ,660000/Cents,3 Bedroom Independent House/Villa ,15,"Plot  Area
                    ",in Vellayani,"
                        
                        Ready To Move
                    ",Asset Signature
"Posted on Dec 12, 2018 by Ashiq

            (Owner)

				


		","
                            Residential land available for sell. Located in pothencode (Trivandrum). The available area is , 6 cents(Plot area). Available at an price of ""nineteen lakh fifty thousand rupees"".","




",https://static.99acres.com//images/i0.gif,"S R Realities
        ", ₹19.5 L,4 Bedroom ,1592983/Cents,Residential Land/Plot ,6,"Plot  Area
                    ",in Pothencode,"
                        
                        Immediate Possession
                    ",Future Leisure Homes
"Posted on Nov 30, 2018 by P V Thyagarajan

            (Owner)

				


		","
                            A good community living over 4 years, this is a brand new un-Used house with the all amenities as required for a community living.
It includes 24/7 security with cctv, gym, swimming pool, community hall and an association for daily necessities and activities.

With 10 minutes drive from kazyakottam main road, it is easily accessible to technopark, airport, railway station and other facilities.

The balcony has both city and sea view with only 5 minutes drive to beach shore.

Peacefully from the daily hustle bustle traffic and in the same time accessible to the key areas with no long travel time....","


	3 Baths, 2 Balconies




",https://static.99acres.com//images/i0.gif,"S R Realities
        ", ₹52 L,3 BHK ,3598/Sq.Ft.,3 BHK Residential Apartment ,1445,"Super built-up  Area
                    ",in Kazhakootam,"
                        
                        Ready To Move
                    ",Heera Infocity
"Posted on Dec 08, 2018 by Beena

            (Owner)

				


		","
                            12 bhk hostel buildind for sale, all attached rooms with kitchen, hall, can accomodate 30 people. Two wheeler access. 3.5 cents. 3 storied new building just completed. 2500 sqft. At sasthamangalam jn. Trivandrum. For rs 85 lakhs. Call vijayesh nine 6 five6 48 zero zero 00","


	13 Baths




",https://static.99acres.com//images/i0.gif,"Rvk
        ", ₹85 L,12 Bedroom ,3400/Sq.Ft.,12 Bedroom Independent House/Villa ,2500,"Built-up  Area
                    ",in Sasthamangalam,"
                        
                        Ready To Move
                    ",RP Impact Milestone
"Posted on Dec 03, 2018 by Pradeep

            (Owner)

				


		","
                        ","




",https://static.99acres.com//images/i0.gif,"S R Realities
        ", ₹85 L,2 BHK ,971429/Cents,Residential Land/Plot ,8.75,"Plot  Area
                    ",in erapakuzhi,"
                        
                        Immediate Possession
                    ",Harison Park
"Posted on Nov 26, 2018 by 
            ","
                            Well furnished 2 bhk apartment near infosys trivandrum, price negotiable
200 m  from bypass.
24 hr security
Children's play area","


	2 Baths, 1 Balcony




",https://static.99acres.com//images/i0.gif,"VIKAS
        ", ₹58 L,2 BHK ,5350/Sq.Ft.,2 BHK Residential Apartment ,1084,"Super built-up  Area
                    ",in  Kuzhivila,"
                        
                        Ready To Move
                    ",Aishwarya Homes Infiniti
"Posted on Dec 06, 2018 by Smikesh

            (Owner)

				


		","
                            Residential land available for sell.Located in ulloor.Available at an price of 2crore.It is a freehold property.  It is a rectangular plot.","




",https://static.99acres.com//images/i0.gif,"Ananthapuri real estate
        ", ₹2 Cr,2 Bedroom ,2285714/Cents,Residential Land/Plot ,8.75,"Plot  Area
                    ",in Ulloor,"
                        
                        Immediate Possession
                    ",Confident Sirius III
"Posted on Nov 27, 2018 by 
            ","
                            4cent sthalam lorry site tar road frontage 1cent 12lack (Negotiable)","

Width of facing road




",https://static.99acres.com//images/i0.gif,"Varsha Krishnan
        ", ₹48 L,2 Bedroom ,1200000/Cents,Residential Land/Plot ,4,"Plot  Area
                    ",in Thirumala,"
                        
                        Immediate Possession
                    ",Chothys Sun View
"
        

            (Owner)

				


		","
                        ","




",https://static.99acres.com//images/i0.gif,"Deera Properties
        ", ₹1.12 Cr,2 Bedroom ,800000/Cents,Residential Land/Plot ,14,"Plot  Area
                    ",in Sreekariyam,"
                        
                        Immediate Possession
                    ",Asset Signature
"Posted on Nov 28, 2018 by Abhilash

            (Owner)

				


		","
                            Residential land available for sell.Located in sreekariyam.Available at an price of 1.12 crore.It is a freehold property.","


	2 Baths




",https://static.99acres.com//images/i0.gif,"ARUN MOHAN
        ", ₹75 L,4 Bedroom ,833334/Cents,2 Bedroom Independent House/Villa ,9,"Plot  Area
                    ",in Peyad,"
                        
                        Ready To Move
                    ",Sowparnika Promenade Square
"Posted on Nov 05, 2018 by Chandralekha G S

            (Owner)

				


		","
                        ","


	1 Bath




",https://static.99acres.com//images/i0.gif,"Veena
        ", ₹16.5 L,3 Bedroom ,235715/Cents,2 Bedroom Independent House/Villa ,7,"Plot  Area
                    ",in Karette,"
                        
                        Ready To Move
                    ",Confident Bilberry
"Posted on Dec 04, 2018 by Najeeb Karet

            (Owner)

				


		","
                            Interested to sell independent house/villa.Placed at peyad.It has spacious 2 bedrooms  and 2 bathrooms. .1500 sq.Ft.(Builtup area) , 9 cents(Plot area) is the area of the propertywant to sell it for 75 lac.It is a 1 to 5 years old  construction . Near to the bus stop .","

Width of facing road




",https://static.99acres.com//images/i0.gif,"Safeer
        ", ₹2.8 Cr,2 Bedroom ,1400000/Cents,Residential Land/Plot ,20,"Plot  Area
                    ",in Pachalloor,"
                        
                        Immediate Possession
                    ",Intimate Agastya
"Posted on Nov 29, 2018 by Sony

            (Owner)

				


		","
                            Residential land available for sell.Located in koliyakode.Available at an price of 6.1 lacit is a freehold property.","




",https://static.99acres.com//images/i0.gif,"srikrishnan
        ", ₹6.1 L,4 Bedroom ,58096/Cents,Residential Land/Plot ,10.5,"Plot  Area
                    ",in Koliyakode,"
                        
                        Immediate Possession
                    ",Asset Hillcrest Thames
"Posted on Nov 26, 2018 by G.Mohanlal

            (Owner)

				


		","
                        ","


	5 Baths, 2 Balconies




",https://static.99acres.com//images/i0.gif,"S R Realities
        ", ₹3.5 Cr,4 Bedroom ,7000/Sq.Ft.,4 Bedroom Independent House/Villa ,5000,"Plot  Area
                    ",in Ulloor,"
                        
                        Ready To Move
                    ",Flagmark Ruby Gardens
"Posted on Dec 04, 2018 by Cyril Thomas

            (Owner)

				


		","
                            Interested to sell independent house/villa.Placed at ulloor.Nice furnished enhancing decorit has spacious 4 bedrooms, and 5 bathrooms. .Want to sell it for 3.5 croreit is a,10  years old,construction 2 cars can be parked in the parking.","




",https://static.99acres.com//images/i0.gif,"S R Realities
        ", ₹25 L,3 BHK ,33334/Cents,Residential Land/Plot ,4,"Plot  Area
                    ",in Kariavattom,"
                        
                        Immediate Possession
                    ",Samson And Sons Oak Dale
"Posted on Dec 05, 2018 by Santhi

            (Owner)

				


		","
                        ","

Width of facing road




",https://static.99acres.com//images/i0.gif,"Akash
        ", ₹5 L,3 Bedroom ,122222/Cents,Residential Land/Plot ,15,"Plot  Area
                    ",in Thittamangalam,"
                        
                        Immediate Possession
                    ",Sowparnika Shirdi Towers
"Posted on Dec 09, 2018 by 
            ","
                            10 cents 5000 sqft house at poojapura near to sree chithra medical sciences
Ground floor & 1st floor
1st floor can rent out for 2 families
Total 3 kitchen
Good investment","


	9 Baths, 2 Balconies




",https://static.99acres.com//images/i0.gif,"Easy Estates
        ", ₹1.6 Cr,8 Bedroom ,1600000/Cents,8 Bedroom Independent House/Villa ,10,"Plot  Area
                    ",in Poojappura,"
                        
                        Ready To Move
                    ",Highline Villas
"Posted on Nov 23, 2018 by Sabari

            (Owner)

				


		","
                            It is very close to kovalam, Vizhijam and near a lake which the state government is taking over for tourist purposes. I'm selling this place as a last resort since i need some cash. Otherwise i would never sell this property of mine because it is certain that the property price is gonna shoot up in few years.","




",https://static.99acres.com//images/i0.gif,"Ananthapuri real estate
        ", ₹18 L,3 Bedroom ,450000/Cents,Residential Land/Plot ,4,"Plot  Area
                    ",in Kovalam,"
                        
                        Immediate Possession
                    ",Skyline Domain
"Posted on Nov 14, 2018 by Sulfigar

            (Owner)

				


		","
                        ","




",https://static.99acres.com//images/i0.gif,"Denaro Realtors
        ", ₹1.15 Cr,2 Bedroom ,2300000/Cents,Residential Land/Plot ,5,"Plot  Area
                    ",in Manacaud,"
                        
                        Immediate Possession
                    ",Asset Signature
"Posted on Dec 14, 2018 by Sajan

            (Owner)

				


		","
                            Tar road frontage
Bus routed area
Full compound wall
Water& electricity in front.
Trivandrum-Peroorkada-Karakulam-Aruvikkara dam","

Width of facing road




",https://static.99acres.com//images/i0.gif,"S R Realities
        ", ₹75 L,4 Bedroom ,277778/Cents,Residential Land/Plot ,27,"Plot  Area
                    ",in Aruvikkara,"
                        
                        Immediate Possession
                    ",Malabar Orchid Park
"Posted on Dec 14, 2018 by 
            ","
                            Artech empire at pattoor is kerala’s first fully air-Conditioned residential apartments with world class amenities.  The artech world mall, A 100,000 sq ft of shopping space, Is right next to artech empire.

The aprtment is right in the middle of the city facing main road, Just 3 kms from trivandrum airport and near to medical college, Railway station, Temples and major landmarks. 

Furnished apartment - Kitchen cabinets, Wardrobes, All rooms including living room and dining room furnished with quality hard wood works. 

The building has below ameniies:

•plush entrance lobbies lounge
•roof top infinity swimming pool
•roof top top jogging track & landscape
•fully equipped air-Conditioned unisex gym
•unisex spa with steam, Sauna, Jacuzzi
•air-Conditioned multipurpose hall with open deck party area
•dispensing bar counters at party hall
•double height balconies in each apartment
•reticulated lpg supply
•video door phone
•children’s play area
•visitors car parking
•dth / cable tv provision for living and master bed room
•landscaped area
•driver’s dormitory","


	4 Baths, 2 Balconies




",https://static.99acres.com//images/i0.gif,"Jacob
        ", ₹1.55 Cr,3 BHK ,7617/Sq.Ft.,3 BHK Residential Apartment ,2035,"Super built-up  Area
                    ",in Pattoor,"
                        
                         Possession in Apr  2018
                    ",Artech Empire
"
        

            (Owner)

				


		","
                        ","




",https://static.99acres.com//images/i0.gif,"Ananthapuri real estate
        ", ₹1.05 Cr,3 Bedroom ,700000/Cents,Residential Land/Plot ,15,"Plot  Area
                    ",in Maruthoorkadavu,"
                        
                        Immediate Possession
                    ",Asset Signature
"Posted on Oct 22, 2018 by Vishnu

            (Owner)

				


		","
                            Residential land available for sell.Located in maruthoorkadavu.Available at an price of 1.05 croreit is a freehold property. Plot is nearby the way to anjali gardens","


	1 Bath




",https://static.99acres.com//images/i0.gif,"Ananthapuri real estate
        ", ₹65 L,4 Bedroom ,295455/Cents,3 Bedroom Independent House/Villa ,22,"Plot  Area
                    ",in Varkala,"
                        
                        Ready To Move
                    ",SFS Ivy
"Posted on Dec 02, 2018 by Adhilya

            (Owner)

				


		","
                            6cents house plot for sale closely to lms hss school (150m)and vattappara csi church (100m). 

Less than 4km to sut medical college and less than 3km to pms dental college.

24hrs bus route, access to major schools and colleges are just 5-6 km away.
Good locality with peaceful atmosphere. 
Brokers please excuse.","




",https://static.99acres.com//images/i0.gif,"Ananthapuri real estate
        ", ₹48 L,4 Bedroom ,800000/Cents,Residential Land/Plot ,6,"Plot  Area
                    ",in Vattapara,"
                        
                        Immediate Possession
                    ",Artech Futura
"Posted on Dec 10, 2018 by Sobha Vijayan

            (Owner)

				


		","
                            15 cent plot for sale at santhipuram near sabarigiri international  school via powdikonam pothencode route

3 km to chekottukonam 
8 km to technopark 
3.5 km to pothencode 
Front road access is there 
1/2 km to sabarigiri international school 
1 cent for 3,25,00,000 rs","

Width of facing road




",https://static.99acres.com//images/i0.gif,"SHBS
        ", ₹48 L,5 Bedroom ,320000/Cents,Residential Land/Plot ,15,"Plot  Area
                    ",in Santhipuram,"
                        
                        Immediate Possession
                    ",Relcon Castle
"Posted on Dec 14, 2018 by Bibin R K

            (Owner)

				


		","
                        ","




",https://static.99acres.com//images/i0.gif,"Abhin
        ", ₹1.35 Cr,4 Bedroom ,27893/Sq. Yards,Residential Land/Plot ,484,"Plot  Area
                    ",in Ambalathara,"
                        
                        Immediate Possession
                    ",SFS Cyber Gateway Avon
"Posted on Dec 03, 2018 by Ayyappan

            (Owner)

				


		","
                            Interested to sell independent house/villa.Placed at pachalloor.Nice unfurnished enhancing decorit has spacious 3 bedrooms, and 3 bathrooms. .1000 sq.Ft.(Builtup area) , 3 (Plot area) is the area of the propertywant to sell it for 46 lacit is a,5 to 10 years old,construction  the flooring is marble for the entire premises","


	3 Baths, 1 Balcony




",https://static.99acres.com//images/i0.gif,"Rajesh
        ", ₹46 L,3 Bedroom ,153333/Cents,3 Bedroom Independent House/Villa ,3,"Plot  Area
                    ",in Pachalloor,"
                        
                        Ready To Move
                    ",Favourite The Serenade
"Posted on Nov 20, 2018 by Gireesh

            (Owner)

				


		","
                            Prime property of 12.5 cent land at golf links road and jawhar nagar 

A prime property of 12.5 cent land with old house located near golf links road and jawhar nagar od street. 
(Ready to sell it as a 5 cent plot)
1 km from sasthamangalam and 1.5 km from kowdiar and vellayambalam.
Posh residential area. 1 km from kowdiar palace and raj bhawan.
The price expected is rs. 20 lakh/cent.
Brokers and agents excuse.","




",https://static.99acres.com//images/i0.gif,"G Ayyappan Nair
        ", ₹2.5 Cr,4 Bedroom ,2000000/Cents,Residential Land/Plot ,12.5,"Plot  Area
                    ",in Jawahar Nagar,"
                        
                        Immediate Possession
                    ",Artech Varsha
"Posted on Nov 19, 2018 by Raman Krishnamoorthy

            (Owner)

				


		","
                        ","


	4 Baths, 3 Balconies




",https://static.99acres.com//images/i0.gif,"JAIJEEV RAVINDRAN
        ", ₹1.5 Cr,3 Bedroom ,447762/Cents,4 Bedroom Independent House/Villa ,33.5,"Plot  Area
                    ",in Kilimanoor,"
                        
                        Ready To Move
                    ",Highline Villas
"Posted on Dec 01, 2018 by Nedumangaud

            (Owner)

				


		","
                            Land for sale at tholicode nedumangad trivandrum
Land located at panayam tholicode nedumangad
Area : 28 cents
Lorry access
Road frontage
Tholicode jn – 1 km
Nedumangad – 12 km
Price : 70000 / cent (Nego)","




",https://static.99acres.com//images/i0.gif,"Intimate Homes
        ", ₹19.6 L,2 BHK ,70000/Cents,Residential Land/Plot ,28,"Plot  Area
                    ",in Nedumangad,"
                        
                        Immediate Possession
                    ",Intimate Agastya
"Posted on Nov 27, 2018 by 
            ","
                        ","


	2 Baths




",https://static.99acres.com//images/i0.gif,"Ananthapuri real estate
        ", ₹48.99 L,4 Bedroom ,4470/Sq.Ft.,2 BHK Residential Apartment ,1096,"Super built-up  Area
                    ",in Kazhakootam,"
                        
                        Ready To Move
                    ",Confident Sirius III
"Posted on Nov 05, 2018 by Avj

            (Owner)

				


		","
                            4 lakhs per cent.
Melekoppam junction
Less than1 km from vithura kalingu junction schools govt hospital sub registar office etc. Best residential plot available in vithura.","




",https://static.99acres.com//images/i0.gif,"V R
        ", ₹5.4 Cr,3 Bedroom ,40000000/Acres,Residential Land/Plot ,1.35,"Plot  Area
                    ",in Vithura,"
                        
                        Immediate Possession
                    ",Heera Haven
"Posted on Nov 12, 2018 by Vilappilsala

            (Owner)

				


		","
                        ","


	3 Baths




",https://static.99acres.com//images/i0.gif,"S R Realities
        ", ₹43 L,4 BHK ,3584/Sq.Ft.,3 Bedroom Independent House/Villa ,1200,"Built-up  Area
                    ",in Vilappilsala,"
                        
                        Ready To Move
                    ",Silver Castle Infranest
"Posted on Nov 08, 2018 by Ajay Mathew Tharaniyil

            (Owner)

				


		","
                            House located at temple jn vilappilsala
Area : 6.75 cents 1200 sqft house
2 bed rooms (Attached), hall, kitchen, workarea, sitout
Bus stop – 50 meter
Lorry acces
Price : 43 lakhs (Nego)","




",https://static.99acres.com//images/i0.gif,"Ananthapuri real estate
        ", ₹4.5 Cr,4 Bedroom ,45000000/Acres,Residential Land/Plot ,1,"Plot  Area
                    ",in Punchakkari,"
                        
                        Immediate Possession
                    ",RP Impact Milestone
"Posted on Nov 26, 2018 by Agananandini Sen

            (Owner)

				


		","
                            3000 sqft 2 storeyed house for immediate sale","


	3 Baths, 3 Balconies




",https://static.99acres.com//images/i0.gif,"Vijay K Pillai
        ", ₹65 L,5 Bedroom ,433334/Cents,5 Bedroom Independent House/Villa ,15,"Plot  Area
                    ",in Varkala,"
                        
                        Ready To Move
                    ",Heera Blue Berry
"Posted on Nov 26, 2018 by Av rajesh

            (Owner)

				


		","
                        ","


	3 Baths




",https://static.99acres.com//images/i0.gif,"S R Realities
        ", ₹59 L,3 Bedroom ,3576/Sq.Ft.,3 Bedroom Independent House/Villa ,1650,"Plot  Area
                    ",in Kunnapuzha,"
                        
                        Ready To Move
                    ",SFS Fairmont
"Posted on Nov 12, 2018 by Mukundarajan.V.N

            (Owner)

				


		","
                            Residential land available for sell . Located in vattiyoorkkav. The available area is , 7 cents(Plot area). Available at an price of ""twenty eight lacs seventy thousand rupees"". It""s a freehold property. If needed, It can be split into two and sold as two plots of 3.5 cents each. Land has boundary wall.","




",https://static.99acres.com//images/i0.gif,"Paisely Designer Boutique
        ", ₹28.7 L,5 Bedroom ,410000/Cents,Residential Land/Plot ,7,"Plot  Area
                    ",in Vattiyoorkkav,"
                        
                        Immediate Possession
                    ",Nikunjam Rialto
"Posted on Oct 27, 2018 by 
            ","
                            3 bhk flat for sale, semi furnished, covered car parking included.

Structure
Seismic iii compliant rcc framed concrete structure.

Wall
6"" solid concrete block masonry for external walls and 4"" concrete block masonry for internal walls.

Door
Main door : Teak wood frame & shutter with polish on sides, lock, handle, brass hinges, tower bolt and stopper and magic eye.
Other doors : Hard wood frame with compressed moulded wooden shutters.

Windows
Aluminium sliding powder coated windows, three track frames with glazed shutters in two tracks and mosquito mesh in one track with ms grill protection from outside.

Flooring
Quality vitrified tile flooring for living, dining,bed rooms and kitchen with 4"" skirting; Antiskid ceramic tiles flooring in toilets; 1x1 matching ceramic antiskid tiles for balcony/utility areas

Kitchen
20 mm thick polished granite counter top platform with stainless steel sink and 2 ceramic dadoing above the granite platform; Provision for aqua guard point; Provision for washing machine in utility area.

Toilets
Ceramic glazed tiles dado upto 7-0"" ht. Matching 50% coloured ewc with flush tank of hindware / parryware / cera or equivalent make; Health faucet in toilets; One hot & cold mixture unit for shower and all other fittings of crab tree/ jaquar/ess ess /marc / or equivalent make in toilets; Wash basin with pedestals; Concealed master control cock in each toilet shall be provided from inside; All sanitary and rain water pipes shall be suitable thickness for 6 kg/cm2 pressure outlet pipes; Provision for geyser & exhaust fan.

Painting
Obd paint for internal walls - Roller finish; Anti-Algal weather proof emulsion paint for external walls over plastered surface.

Electrical
One t.V / telephone point in the living and master bed room; Elegant modular electrical switch of anchor-Roma / m.K/ schinedair/ equivalent make; I.S.I mark p.V.C conduits concealed in the walls; Quality copper cables; Adequate number of light, fan, 5 amps 15 amps plug points shall be provided; Mcb for each room and elcb for the flat shall be provided.

Water supply
Bore well/municipal water

Terrace
Overhead tank, parapet wall, staircase headroom, lift machine room and water proof treated terrace/roof.

Basement
Concrete flooring for parking, under ground sump, electrical room, generator room, security room, lift-Well

Sanitary / rwp
Disposal to the stp/ municipal sewage line; Internal soil and waste water and rain water pipes are pvc lines.

Power
5 kw power supply from kseb and 1 kva generator backup for each apartment unit

Anti-Termite treatment
Shall be done for soil & woodwork.

Lift
Two 8 passengers lift and one 13 passengers lift of reputed make with generator backup.

Common area light fittings
One time.

Intercom
One extension to each flat.

Security
24 hours security with surveillance through cctv.

Swimming pool
Multipurpose hall
Intercom
Provision for broadband connection
Facility for car wash
Disabled friendly access
Gymnasium
Children's play area
Security with surveillance through cctv
Indoor games
Centralized gas connection
Rain water harvesting","


	3 Baths, 2 Balconies




",https://static.99acres.com//images/i0.gif,"ANOOP   SANTHOSH
        ", ₹63 L,3 BHK ,3678/Sq.Ft.,3 BHK Residential Apartment ,1713,"Super built-up  Area
                    ",in Kulathoor,"
                        
                        Ready To Move
                    ",Oceanus Rainbow
"
        

            (Owner)

				


		","
                        ","

Width of facing road




",https://static.99acres.com//images/i0.gif,"S R Realities
        ", ₹72 L,3 Bedroom ,187012/Cents,Residential Land/Plot ,38.5,"Plot  Area
                    ",in Kilimanoor,"
                        
                        Immediate Possession
                    ",Favourite Dew Drops
"Posted on Oct 31, 2018 by 
            ","
                            It is situated near to mar ivanios and mar baselios college and sarvodaya high secondary school also the good family atmospheres residential area the house consists of 2 bed room with bath room attached and one room with common bath room study room sitting room open balcony waste disposal facilities and car parking those who are interested please send they number we will contract you..","


	3 Baths, 2 Balconies




",https://static.99acres.com//images/i0.gif,"nikhil  mathew
        ", ₹90 L,4 Bedroom ,4865/Sq.Ft.,4 Bedroom Independent House/Villa ,1850,"Plot  Area
                    ",in Paruthippara,"
                        
                        Ready To Move
                    ",Muthoot Blue Mount
"
        

            (Owner)

				


		","
                        ","

Width of facing road




",https://static.99acres.com//images/i0.gif,"Pax Link Real Estate
        ", ₹42.64 L,5 Bedroom ,570000/Cents,Residential Land/Plot ,7.48,"Plot  Area
                    ",in Vattiyoorkkav,"
                        
                        Immediate Possession
                    ",Confident Althena
"Posted on Nov 05, 2018 by 
            ","
                            6 cent chenkkottukonam near kariyavattom. 5 kms from technopark. 4 kms from sreekariyam. 400 mtr from main road bus stop. Price negotiable good locality","

Width of facing road




",https://static.99acres.com//images/i0.gif,"S R Realities
        ", ₹27.05 L,3 BHK ,450833/Cents,Residential Land/Plot ,6,"Plot  Area
                    ",in Kazhakootam,"
                        
                        Immediate Possession
                    ",Artech Celestia
"
        

            (Dealer)

				


		","
                        ","




",https://static.99acres.com//images/i0.gif,"reno
        ", ₹37 L,4 Bedroom ,411112/Cents,Residential Land/Plot ,9,"Plot  Area
                    ",in Kaniyapuram,"
                        
                        Immediate Possession
                    ",Aswathy Park
"Posted on Nov 23, 2018 by Muneer

            (Owner)

				


		","
                            Land for sale near kaniyapuram railway station.","




",https://static.99acres.com//images/i0.gif,"Ananthapuri real estate
        ", ₹35 L,3 BHK ,700000/Cents,Residential Land/Plot ,5,"Plot  Area
                    ",in Kaimanam,"
                        
                        Immediate Possession
                    ",Confident Phoenix 3
"Posted on Nov 15, 2018 by Abhilash

            (Owner)

				


		","
                        ","




",https://static.99acres.com//images/i0.gif,"Abeesh Surabhi
        ", ₹27.5 L,3 Bedroom ,550000/Cents,Residential Land/Plot ,5,"Plot  Area
                    ",in Sreekariyam,"
                        
                        Immediate Possession
                    ",Sagara Palm groves
"Posted on Nov 12, 2018 by Ramaswamy

            (Owner)

				


		","
                            Residential land available for sell. Located in alathara. The available area is , 5 cents(Plot area). Available at an price of ""twenty six lakh rupees"". It""s a freehold property .","




",https://static.99acres.com//images/i0.gif,"S R Realities
        ", ₹26 L,4 Bedroom ,520000/Cents,Residential Land/Plot ,5,"Plot  Area
                    ",in Alathara,"
                        
                        Immediate Possession
                    ",Mansions Vinit Enclave
"Posted on Dec 10, 2018 by Aishu

            (Owner)

				


		","
                        ","




",https://static.99acres.com//images/i0.gif,"Deera Properties
        ", ₹40 L,3 Bedroom ,1000000/Cents,Residential Land/Plot ,4,"Plot  Area
                    ",in Ulloor,"
                        
                        Immediate Possession
                    ",Cordial Amity
"Posted on Nov 12, 2018 by viji

            (Owner)

				


		","
                            Residential land available for sell.Located in ulloor.Available at an price of 40 lacit is a freehold property.","




",https://static.99acres.com//images/i0.gif,"Ananthapuri real estate
        ", ₹50 L,5 Bedroom ,500000/Cents,Residential Land/Plot ,10,"Plot  Area
                    ",in Peroorkada,"
                        
                        Immediate Possession
                    ",Sun Elite
"Posted on Nov 20, 2018 by 
            ","
                            Id-117627 5 cents  land for sale at pattom  the price expected is rs.12 lac per cent kindly note id number for further discussion home loans available interested genuine parties may please call deeraa properties .","




",https://static.99acres.com//images/i0.gif,"Deera Properties
        ", ₹60 L,3 BHK ,1200000/Cents,Residential Land/Plot ,5,"Plot  Area
                    ",in Pattom,"
                        
                        Immediate Possession
                    ",Favourite Spring Fields
"
        

            (Dealer)

				


		","
                        ","


	3 Baths, 1 Balcony




",https://static.99acres.com//images/i0.gif,"S R Realities
        ", ₹38 L,3 Bedroom ,2909/Sq.Ft.,3 BHK Residential Apartment ,1306,"Carpet  Area
                    ",in Chenkottukonam,"
                        
                        Ready To Move
                    ",Heera Crescent
"Posted on Nov 19, 2018 by 
            ","
                            Old house chenkkottukonam near kazhakuttom. 5 kms from technopark. 4 kms from sreekariyam. 500 mtr from main road bus stop. Price negotiable good locality","


	2 Baths, 1 Balcony




",https://static.99acres.com//images/i0.gif,"S R Realities
        ", ₹36 L,2 Bedroom ,600000/Cents,2 Bedroom Independent House/Villa ,6,"Plot  Area
                    ",in Kazhakootam,"
                        
                        Ready To Move
                    ",Future Techno Village
"Posted on Oct 17, 2018 by 
            ","
                            Id 120859  a beautiful 3 bhk apartment in kudappanakunnu, trivandrum. The property is a part of deera. It is a resale property in a promising locality. This well-Designed new property is ready to move in. It is located on the 19th floor. The property ownership is freehold type and has a super built-Up area of 1500 sq. Ft. The price of the property is estimated at rs. 7500000 and per unit area cost is at rs. 5000 per sq. Ft. The apartment is 0-1 year old. The apartment has vitrified flooring. With 1 balcony(S) and 3 bathroom(S), the apartment is unfurnished. It is an east facing property. Gated society. 1 covered parking.","


	3 Baths, 1 Balcony




",https://static.99acres.com//images/i0.gif,"Deera Properties
        ", ₹75 L,3 BHK ,5000/Sq.Ft.,3 BHK Residential Apartment ,1500,"Super built-up  Area
                    ",in Kudappanakunnu,"
                        
                        Ready To Move
                    ",Astride Aishwarya Homes Vista
"Posted on Nov 05, 2018 by Madhuri Ajithkumar

            (Owner)

				


		","
                            Residential land available for sell.Located in nettayam.Available at an price of 60 lacit is a freehold property.Plot is on the way to ozhukupara. 3 schools named arr public school, st. Santhal public school, sree ramakrishna mission school are in proximity","




",https://static.99acres.com//images/i0.gif,"S R Realities
        ", ₹60 L,4 Bedroom ,545455/Cents,Residential Land/Plot ,11,"Plot  Area
                    ",in Nettayam,"
                        
                        Immediate Possession
                    ",Arcon Enclave
"Posted on Nov 06, 2018 by Gayathri

            (Owner)

				


		","
                        ","


	5 Baths, 1 Balcony




",https://static.99acres.com//images/i0.gif,"S R Realities
        ", ₹80 L,2 Bedroom ,842106/Cents,4 Bedroom Independent House/Villa ,9.5,"Plot  Area
                    ",in Venjaramoodu,"
                        
                        Ready To Move
                    ",Artech The Address
"Posted on Oct 31, 2018 by 
            ","
                            10cent 3000sqft red brick 10yers old house for sale near peroorkada. 500 mtrs from peroorkada jn.","


	4 Baths, 2 Balconies




",https://static.99acres.com//images/i0.gif,"V R
        ", ₹1.5 Cr,4 Bedroom ,1500000/Cents,4 Bedroom Independent House/Villa ,10,"Plot  Area
                    ",in AKG Nagar,"
                        
                        Ready To Move
                    ",Travancore Sanrock Cliff Premium Villas
"
        

            (Dealer)

				


		","
                        ","


	4 Baths, 1 Balcony




",https://static.99acres.com//images/i0.gif,"Hari
        ", ₹55 L,4 Bedroom ,880000/Cents,4 Bedroom Independent House/Villa ,6.25,"Plot  Area
                    ",in Vattapara,"
                        
                        Ready To Move
                    ",Samson and sons meridian heights
"Posted on Oct 22, 2018 by 
            ","
                            Duplex villa available close to trivandrum city but away from all the buzzle and pollution. 5kms from pattom. Ready to move in. Gated community. Amenities like swimming pool and kids play ground. 3phase power connection & self water storage.","


	3 Baths, 1 Balcony




",https://static.99acres.com//images/i0.gif,"S R Realities
        ", ₹35 L,3 Bedroom ,700000/Cents,3 Bedroom Independent House/Villa ,5,"Plot  Area
                    ",in Pongumoodu,"
                        
                        Ready To Move
                    ",Future Centre
"Posted on Nov 19, 2018 by Balaramapuram

            (Owner)

				


		","
                            Land located near kalpadiyil resorts balaramapuram
Area : 6.75 cents
Lorry acces
Price : 5 lakhs / cent (Nego)","




",https://static.99acres.com//images/i0.gif,"S R Realities
        ", ₹5 L,3 Bedroom ,83334/Cents,Residential Land/Plot ,6,"Plot  Area
                    ",in Balaramapuram,"
                        
                        Immediate Possession
                    ",Oceanus Green Valley
"Posted on Oct 31, 2018 by Satheesh

            (Owner)

				


		","
                            Residential land available for sell.Located in sreekariyam.Available at an price of 48 lacit is a freehold property.","




",https://static.99acres.com//images/i0.gif,"Paisely Designer Boutique
        ", ₹48 L,3 Bedroom ,1378/Sq.Ft.,Residential Land/Plot ,3484,"Plot  Area
                    ",in Sreekariyam,"
                        
                        Immediate Possession
                    ",Heera Infocity
"Posted on Nov 23, 2018 by bindu

            (Owner)

				


		","
                            Interested to sell independent house/villa.Placed at nellimoodu.It has spacious 3 bedrooms, and 2 bathrooms. .Want to sell it for 25 lacit is a,5 to 10 years old,construction","


	2 Baths, 1 Balcony




",https://static.99acres.com//images/i0.gif,"S R Realities
        ", ₹25 L,3 Bedroom ,454546/Cents,3 Bedroom Independent House/Villa ,5.5,"Plot  Area
                    ",in Nellimoodu,"
                        
                        Ready To Move
                    ",Cordial Amity
"Posted on Nov 01, 2018 by 
            ","
                        ","


	3 Baths, 1 Balcony




",https://static.99acres.com//images/i0.gif,"S R Realities
        ", ₹63 L,3 Bedroom ,1260000/Cents,3 Bedroom Independent House/Villa ,5,"Plot  Area
                    ",in Kazhakootam,"
                        
                        Ready To Move
                    ",Favourite Dream Castle
"Posted on Nov 19, 2018 by Dinesh Lal

            (Owner)

				


		","
                            Residential land available for sale. Property is located at  anandeswaram, available at a price of rs. 52 lakhs. It is a freehold property.","




",https://static.99acres.com//images/i0.gif,"Ananthapuri real estate
        ", ₹52 L,3 Bedroom ,400000/Cents,Residential Land/Plot ,13,"Plot  Area
                    ","in Near Anandeswaram Jn, Chempazhanty","
                        
                        Immediate Possession
                    ",Heera Infocity
"Posted on Dec 03, 2018 by Arun

            (Owner)

				


		","
                        ","




",https://static.99acres.com//images/i0.gif,"Deera Properties
        ", ₹42.5 L,3 Bedroom ,607143/Cents,Residential Land/Plot ,7,"Plot  Area
                    ",in Mannanthala,"
                        
                        Immediate Possession
                    ",Intimate Agastya
"Posted on Dec 10, 2018 by Preetha Pillai

            (Owner)

				


		","
                            Well maintained property ready with furniture","


	5 Baths, 1 Balcony




",https://static.99acres.com//images/i0.gif,"S R Realities
        ", ₹3 Cr,5 Bedroom ,1395348/Cents,5 Bedroom Independent House/Villa ,21.5,"Plot  Area
                    ",in PTP Nagar,"
                        
                        Ready To Move
                    ",Sun Elecasa
"Posted on Oct 24, 2018 by 
            ","
                        ","

Width of facing road




",https://static.99acres.com//images/i0.gif,"S R Realities
        ", ₹22 L,3 Bedroom ,550000/Cents,Residential Land/Plot ,4,"Plot  Area
                    ",in Sreekariyam,"
                        
                        Immediate Possession
                    ",Shanoor Palms
"
        

            (Dealer)

				


		","
                            Chenkkottukonam near sreekariyam new house plots. 4 kms from sreekariyam. 6 kms from technopark. 1 kms from main road bus stop. Lorry sait prices negotiable good locality","

Width of facing road




",https://static.99acres.com//images/i0.gif,"Renjith
        ", ₹30 L,2 Bedroom ,307692/Cents,Residential Land/Plot ,9.75,"Plot  Area
                    ",in Vellanad,"
                        
                        Immediate Possession
                    ",Favourite Dream Castle
"Posted on Nov 23, 2018 by Chandu nair

            (Owner)

				


		","
                            1400 sqft  new house ready to move with in 1months in 3 cents at mokkad lane near artech deepam flats .
High quality products used for construction
Car access, kara bhoomi not water logging area .  
Very near to kims hospital, akkulam kv, 5mts drive to technopark, kochuveli railway station , trivandrum international airport, medical college. 
2mts to bus stop.
All school buses ply through mainroad which is 2 mts walkable distance.","


	3 Baths, 1 Balcony




",https://static.99acres.com//images/i0.gif,"Deera Properties
        ", ₹67 L,3 BHK ,4785/Sq.Ft.,3 BHK Residential Apartment ,1400,"Super built-up  Area
                    ",in Anayara,"
                        
                        Ready To Move
                    ",Cordial Amity
"Posted on Oct 30, 2018 by Neyyattinkara

            (Owner)

				


		","
                        ","


	3 Baths, 1 Balcony




",https://static.99acres.com//images/i0.gif,"PKV Pillai
        ", ₹38 L,3 Bedroom ,2621/Sq.Ft.,3 Bedroom Independent House/Villa ,1450,"Built-up  Area
                    ",in Neyyattinkara,"
                        
                        Ready To Move
                    ",SFS Cyber Palms Cherry
"Posted on Nov 01, 2018 by Rani

            (Owner)

				


		","
                            House for sale at palakkadavu neyyattinkara trivandrum
House located near viswabharathy public school neyyattinkara
Area : 3.5 cents 1450 sqft house
3 bed rooms (Attached), 2 hall, kitchen, sitout, balcony
Car parking – 1
Lorry access
Price : 38 lakhs (Nego)","




",https://static.99acres.com//images/i0.gif,"Ananthapuri real estate
        ", ₹32 L,3 Bedroom ,533334/Cents,Residential Land/Plot ,6,"Plot  Area
                    ",in Edavacode,"
                        
                        Immediate Possession
                    ",DD Twitter Valley
"Posted on Nov 26, 2018 by 
            ","
                        ","


	3 Baths, 1 Balcony




",https://static.99acres.com//images/i0.gif,"Boby
        ", ₹49 L,3 BHK ,163333/Cents,3 Bedroom Independent House/Villa ,3,"Plot  Area
                    ",in Vattiyoorkkav,"
                        
                        Ready To Move
                    ",Cordial Skyview
"Posted on Oct 22, 2018 by vijayagopal

            (Owner)

				


		","
                            4 / 4.9 cent residential plot, opp:  Sbi and st. Ann's nursing home, between palimukku & nalumukku, pettah, trivandrum.","




",https://static.99acres.com//images/i0.gif,"Pradeep G Krishnan
        ", ₹88 L,3 Bedroom ,1800000/Cents,Residential Land/Plot ,4.9,"Plot  Area
                    ",in Pallimukku,"
                        
                        Immediate Possession
                    ",Artech Sreya
"Posted on Nov 26, 2018 by bindu

            (Owner)

				


		","
                        ","


	2 Baths, 1 Balcony




",https://static.99acres.com//images/i0.gif,"S R Realities
        ", ₹25 L,4 Bedroom ,454546/Cents,3 Bedroom Independent House/Villa ,5.5,"Plot  Area
                    ",in Venpakal,"
                        
                        Ready To Move
                    ",DD Twitter Valley
"Posted on Oct 27, 2018 by 
            ","
                            Id-120252      5.5 cent 1350 sqt 3 bhk 3 attached single storied   house  for sale at kaimanam. The price expected is rs. 57.Lac kindly note id number for further discussion. Home loans available. Interested genuine parties may please call deeraa properties","


	3 Baths, 1 Balcony




",https://static.99acres.com//images/i0.gif,"Deera Properties
        ", ₹57 L,3 Bedroom ,103636/Cents,3 Bedroom Independent House/Villa ,5.5,"Plot  Area
                    ",in Kaimanam,"
                        
                        Ready To Move
                    ",Kristal Onyx C
"
        

            (Dealer)

				


		","
                        ","


	3 Baths, 1 Balcony




",https://static.99acres.com//images/i0.gif,"S R Realities
        ", ₹42 L,3 Bedroom ,2897/Sq.Ft.,3 Bedroom Independent House/Villa ,1450,"Built-up  Area
                    ",in Pravachambalam,"
                        
                        Ready To Move
                    ",Oceanus Rainbow
"Posted on Oct 31, 2018 by Pravachambalam

            (Owner)

				


		","
                            House located at nethaji road arikkadamukku pravachambalam
Area : 3.5 cents 1400 sqft
3 bed rooms (Attached), 2 hall, kitchen, sitout, balcony
Car porch – 1
Lorry access
Bus stop – 200 meter
Pravachambalam – 1 km
Nemom – 2 km
School, hospital – 1 km
Temple, church, mosque – 500 meter
Railway station- 1.5 km
Price : 42 lakhs (Nego)","


	1 Bath




",https://static.99acres.com//images/i0.gif,"S R Realities
        ", ₹18 L,2 Bedroom ,480000/Cents,2 Bedroom Independent House/Villa ,3.75,"Plot  Area
                    ",in Amaravila,"
                        
                        Ready To Move
                    ",Artech Varsha
"Posted on Oct 29, 2018 by Sajan

            (Owner)

				


		","
                            Duplex bungalow with 2000 sq ft area in 75 cents area.  It is  about 20 mins drive from kovalam beach and  7 mins drive from vizhinjam port. The ksrtc bus stop is right opposite the gate. There are plenty of shops for daily needs nearby. The property is  on the venganoor road.","


	3 Baths, 2 Balconies




",https://static.99acres.com//images/i0.gif,"Easy Estates
        ", ₹5 Cr,4 Bedroom ,666666/Cents,4 Bedroom Independent House/Villa ,75,"Plot  Area
                    ",in Koliyoor,"
                        
                        Ready To Move
                    ",Confident Phoenix 3
"Posted on Oct 24, 2018 by Ramachandran

            (Owner)

				


		","
                        ","




",https://static.99acres.com//images/i0.gif,"Easy Estates
        ", ₹2 L,2 Bedroom ,200000/Acres,Residential Land/Plot ,2,"Plot  Area
                    ",in Koliyoor,"
                        
                        Immediate Possession
                    ",Confident Green Valley
"Posted on Oct 30, 2018 by 
            ","
                            Nearby vellayani lake and 5 km from upcoming vizhinjam international seaport and 4 km from kovalam beach","




",https://static.99acres.com//images/i0.gif,"Vimal Raj
        ", ₹77 L,8 Bedroom ,1100000/Cents,Residential Land/Plot ,7,"Plot  Area
                    ",in Thampanoor,"
                        
                        Immediate Possession
                    ",Artech City Malathy
"Posted on Oct 31, 2018 by C G Thomas

            (Owner)

				


		","
                            Interested to sell independent house/villa.Placed at pattom.Nice furnished enhancing decorit has spacious 3 bedrooms, and 4 bathrooms. .Want to sell it for 2 croreit is a,10  years old,construction. It is near to lic.","


	4 Baths




",https://static.99acres.com//images/i0.gif,"S R Realities
        ", ₹2 Cr,3 Bedroom ,3333334/Cents,3 Bedroom Independent House/Villa ,6,"Plot  Area
                    ",in Pattom,"
                        
                        Ready To Move
                    ",Cordial Bharathi
"Posted on Oct 26, 2018 by Gayathri Nair

            (Owner)

				


		","
                        ","


	2 Baths, 1 Balcony




",https://static.99acres.com//images/i0.gif,"Paisely Designer Boutique
        ", ₹60 L,3 Bedroom ,1200000/Cents,3 Bedroom Independent House/Villa ,5,"Plot  Area
                    ",in Vettamukku,"
                        
                        Ready To Move
                    ",Sowparnika River View Garden
"Posted on Nov 08, 2018 by Keraladityapuram

            (Owner)

				


		","
                            House located at sreekrishnapuram keraladityapuram mannanthala
Area : 12.5 cents 2250 sqft house
4 bed rooms(Attached), 2 hall, kitchen, sitout, balcony
Car porch – 1
Bus stop – 500 meter
Lorry access
Price : 90 lakhs (Nego)","


	4 Baths, 1 Balcony




",https://static.99acres.com//images/i0.gif,"Paisely Designer Boutique
        ", ₹90 L,4 Bedroom ,4000/Sq.Ft.,4 Bedroom Independent House/Villa ,2250,"Built-up  Area
                    ",in Keraladityapuram,"
                        
                        Ready To Move
                    ",Shanoor Metro Square
"Posted on Nov 17, 2018 by Vinod

            (Owner)

				


		","
                        ","




",https://static.99acres.com//images/i0.gif,"S R Realities
        ", ₹1 Cr,3 Bedroom ,1709402/Cents,Residential Land/Plot ,5.85,"Plot  Area
                    ",in dpi junction,"
                        
                        Immediate Possession
                    ",Shanoor Nalanda
"Posted on Oct 23, 2018 by Rinosh Mathew

            (Owner)

				


		","
                            Residential land available for sell.Located in dpi junction.Available at an price of 1 crore.It is a freehold property.  Water and electricity facility available.Near to railway station and bus station.","




",https://static.99acres.com//images/i0.gif,"Paisely Designer Boutique
        ", ₹6 L,3 Bedroom ,25000/Cents,Residential Land/Plot ,24,"Plot  Area
                    ",in Poonkulam ,"
                        
                        Immediate Possession
                    ",SFS Cyber Gateway Tivoli
"Posted on Nov 26, 2018 by thirumala

            (Owner)

				


		","
                            House located at st’ francis lane kunnapuzha
Area :- 3.6 cents 1300 sqft house
3 bed rooms (Attached), hall-2, kitchen, sitout, balcony
Car parking
Lorry access
Price : 55 lakhs (Nego)","


	3 Baths, 1 Balcony




",https://static.99acres.com//images/i0.gif,"S R Realities
        ", ₹55 L,3 Bedroom ,4231/Sq.Ft.,3 Bedroom Independent House/Villa ,1300,"Plot  Area
                    ",in Thirumala,"
                        
                        Ready To Move
                    ",Nikunjam Rialto
"Posted on Nov 25, 2018 by 
            ","
                        ","

Width of facing road




",https://static.99acres.com//images/i0.gif,"S R Realities
        ", ₹37.5 L,4 Bedroom ,625000/Cents,Residential Land/Plot ,6,"Plot  Area
                    ",in Sreekariyam,"
                        
                        Immediate Possession
                    ",Cordial Cyber Castle
"Posted on Nov 13, 2018 by 
            ","
                            Manvila new house prices negotiable good locality. 50 mtrs from main road bus stop. 2 kms from technopark. 2 kms from infosys.3 kms from sreekariyam","


	4 Baths, 2 Balconies




",https://static.99acres.com//images/i0.gif,"S R Realities
        ", ₹70 L,4 Bedroom ,1750000/Cents,4 Bedroom Independent House/Villa ,4,"Plot  Area
                    ",in Manvila,"
                        
                        Ready To Move
                    ",Heera High Life
"Posted on Oct 18, 2018 by Rajkumar

            (Owner)

				


		","
                            55+ cents residential plot, suitable for apartments","




",https://static.99acres.com//images/i0.gif,"S R Realities
        ", ₹3.85 Cr,3 Bedroom ,700000/Cents,Residential Land/Plot ,55,"Plot  Area
                    ",in Pangappara,"
                        
                        Immediate Possession
                    ",Nikunjam Orient
"Posted on Aug 29, 2018 by 
            ","
                            Residential apartment for sale in sfs cyber gateway eden, kazhakootam, trivandrum, kerala 

Constructed to suit your lifestyle, this residential apartment provides simple, functional, private and light-Filled spaces for the residents. It is widely distributed in 2 spacious bedrooms, 2 bathrooms, kitchen, bright and spacious hall with 2 balconies to keep the house light filled and ventilated. There are ample open spaces for the residents to move around freely. Available on the 16th floor, the property has a great view of the pool. 
The property being an unfurnished unit comes with basic fittings like lights, fans and bathroom fixtures. The complex hosts all the modern amenities like club house/community center, fitness center/gym, intercom facility, lift(S), park, rain water harvesting, swimming pool and piped-Gas and lift and power back up. The residential complex has 24 hour security with guards and cctv cameras. 

Ready to occupy, vaastu compliant 2bhk apartment with good view on the 16th floor on vettur road near kazakkutam. Near to technopark and other it companies. Good for investmentnnwe are the proud owners of this 2 bhk apartment available in sfs cyber gateway eden, kazhakootam, trivandrum. This apartment is a 0-1 year old property, priced approximately at rs. 5043 per sq. Ft. Or rs. 60,00,000. It is a resale and a ready to move in apartment. The unit is located on the 16th floor and has a super built-Up area of 1190 sq. Ft. It is a feng shui/vaastu compliant. It has 2 bathroom(S) and 1 balcony(S). The ownership is freehold type. The property offers the best in class facilities such as club house/community center, fitness centre/gym, intercom facility, lift(S), park, rain water harvesting, swimming pool and piped-Gas. It is positioned in a gated society. The apartment has 1 covered parking
Water and electricity will be available uninterrupted along with boring supply of water. The residents will have access to 1 covered car parking. 

Basic facilities like banks, atm, medical facility, market areas, schools and transport facility all are with in an easy reach from the property.  
Strategically located in the heart of the city the residential apartment is situated close to major landmarks  making the property highly accessible. 
Click on “contact owner” to grab this deal.","


	2 Baths, 2 Balconies




",https://static.99acres.com//images/i0.gif,"rajeev
        ", ₹67 L,2 BHK ,5360/Sq.Ft.,2 BHK Residential Apartment ,1250,"Super built-up  Area
                    ",in Kazhakootam,"
                        
                        Ready To Move
                    ",SFS Cyber Gateway Eden
"
        

            (Owner)

				


		","
                        ","


	4 Baths, 2 Balconies




",https://static.99acres.com//images/i0.gif,"Madhav Manoj
        ", ₹1.58 Cr,3 BHK ,7126/Sq.Ft.,3 BHK Residential Apartment ,2217,"Super built-up  Area
                    ",in Pattom,"
                        
                        Ready To Move
                    ",Artech Florenza
"Posted on May 21, 2018 by 
            ","
                            3 bhk 4 baths residential apartment for sale in artech florenza, pattom, trivandrum, kerala
This property is located at the most prime location near vybuthi bhawan. It happens to be in a sound locality within a complex. The property provides you the ease and convenience of comfort living. It has the facility of security guards, cctv camera, 2 covered car parking, 24 hours power backup, continuous water supply and so on.  
This property is semi furnished and ready to move in. Adorned with beautiful interiors, walls and flooring of the apartment are nicely done. Rooms are fully ventilated and have abundance of sunlight coming in. The property ensures 0 wastage of area and gives you ample of space to move around freely and to keep your essentials effortlessly, emerging as a perfect place for a modern living. All basic recreation amenities such as gym, park, clubhouse, swimming pool and play area are at close vicinity to the property, within the complex.
One can enjoy all major public amenities such as atm, banks and market. Public transport is at close proximity to the property.
To know more details, click on “contact owner”.","




",https://static.99acres.com//images/i0.gif,"sarpa
        ", ₹3.18 Cr,2 BHK ,3000000/Cents,Residential Land/Plot ,10.6,"Plot  Area
                    ",in Kesavadasapuram,"
                        
                        Immediate Possession
                    ",Heera Crescent
